,fk_temp,demand,correct
0,0.1999999999999993,-54,-27.0000000000001
1,-0.10000000000000142,-79,78.99999999999888
2,0.8999999999999986,-72,-8.000000000000012
